puzzle_name,thread_count,prep_time,solve_time,k
n3-k7-0.txt,1,3.41163,1.386911,7
n3-k7-0.txt,2,3.394842,1.348976,7
n3-k7-0.txt,4,3.412039,1.785741,7
n3-k7-0.txt,7,3.420508,2.34875,7
n3-k8-0.txt,1,4.528681,6.457205,8
n3-k8-0.txt,2,4.502708,7.746131,8
n3-k8-0.txt,4,4.502707,8.738426,8
n3-k8-0.txt,7,4.536683,6.826677,8
n3-k8-1.txt,1,4.487596,12.271132,8
n3-k8-1.txt,2,4.503055,6.822538,8
n3-k8-1.txt,4,4.525528,9.604146,8
n3-k8-1.txt,7,4.494104,5.657236,8
